{
    "targets": [
        "voxels",
        "solid",
        "solid_shadows",
        "water",
        "translucent",
        "itemEntity",
        "particles",
        "clouds",
        "lightmap1",
        "lightmap2",
        "weather",
        "translucent_decheckered",
        "particles_decheckered",
        "itemEntity_decheckered",
        "final",
        "final_foggy"
    ],
    "passes": [
        {
            "name": "collect_voxels",
            "intarget": "minecraft:main",
            "outtarget": "voxels",
            "auxtargets": [
                {
                    "name": "DiffuseDepthSampler",
                    "id": "minecraft:main:depth"
                },
                {
                    "name": "TranslucentSampler",
                    "id": "translucent"
                },
                {
                    "name": "TranslucentDepthSampler",
                    "id": "translucent:depth"
                }
            ]
        },
        {
            "name": "floodfill",
            "intarget": "lightmap1",
            "outtarget": "lightmap2",
            "auxtargets": [
                {
                    "name": "DataSampler",
                    "id": "voxels"
                },
                {
                    "name": "DataDepthSampler",
                    "id": "voxels:depth"
                },
                {
                    "name": "ColorSampler",
                    "id": "light_colors",
                    "width": 1,
                    "height": 1,
                    "bilinear": false
                }
            ]
        },
        {
            "name": "floodfill",
            "intarget": "lightmap2",
            "outtarget": "lightmap1",
            "auxtargets": [
                {
                    "name": "DataSampler",
                    "id": "voxels"
                },
                {
                    "name": "DataDepthSampler",
                    "id": "voxels:depth"
                },
                {
                    "name": "ColorSampler",
                    "id": "light_colors",
                    "width": 1,
                    "height": 1,
                    "bilinear": false
                }
            ]
        },
        {
            "name": "floodfill",
            "intarget": "lightmap1",
            "outtarget": "lightmap2",
            "auxtargets": [
                {
                    "name": "DataSampler",
                    "id": "voxels"
                },
                {
                    "name": "DataDepthSampler",
                    "id": "voxels:depth"
                },
                {
                    "name": "ColorSampler",
                    "id": "light_colors",
                    "width": 1,
                    "height": 1,
                    "bilinear": false
                }
            ]
        },
        {
            "name": "floodfill",
            "intarget": "lightmap2",
            "outtarget": "lightmap1",
            "auxtargets": [
                {
                    "name": "DataSampler",
                    "id": "voxels"
                },
                {
                    "name": "DataDepthSampler",
                    "id": "voxels:depth"
                },
                {
                    "name": "ColorSampler",
                    "id": "light_colors",
                    "width": 1,
                    "height": 1,
                    "bilinear": false
                }
            ]
        },
        {
            "name": "floodfill",
            "intarget": "lightmap1",
            "outtarget": "lightmap2",
            "auxtargets": [
                {
                    "name": "DataSampler",
                    "id": "voxels"
                },
                {
                    "name": "DataDepthSampler",
                    "id": "voxels:depth"
                },
                {
                    "name": "ColorSampler",
                    "id": "light_colors",
                    "width": 1,
                    "height": 1,
                    "bilinear": false
                }
            ]
        },
        {
            "name": "floodfill",
            "intarget": "lightmap2",
            "outtarget": "lightmap1",
            "auxtargets": [
                {
                    "name": "DataSampler",
                    "id": "voxels"
                },
                {
                    "name": "DataDepthSampler",
                    "id": "voxels:depth"
                },
                {
                    "name": "ColorSampler",
                    "id": "light_colors",
                    "width": 1,
                    "height": 1,
                    "bilinear": false
                }
            ]
        },
        {
            "name": "floodfill",
            "intarget": "lightmap1",
            "outtarget": "lightmap2",
            "auxtargets": [
                {
                    "name": "DataSampler",
                    "id": "voxels"
                },
                {
                    "name": "DataDepthSampler",
                    "id": "voxels:depth"
                },
                {
                    "name": "ColorSampler",
                    "id": "light_colors",
                    "width": 1,
                    "height": 1,
                    "bilinear": false
                }
            ]
        },
        {
            "name": "floodfill",
            "intarget": "lightmap2",
            "outtarget": "lightmap1",
            "auxtargets": [
                {
                    "name": "DataSampler",
                    "id": "voxels"
                },
                {
                    "name": "DataDepthSampler",
                    "id": "voxels:depth"
                },
                {
                    "name": "ColorSampler",
                    "id": "light_colors",
                    "width": 1,
                    "height": 1,
                    "bilinear": false
                }
            ]
        },
        {
            "name": "floodfill",
            "intarget": "lightmap1",
            "outtarget": "lightmap2",
            "auxtargets": [
                {
                    "name": "DataSampler",
                    "id": "voxels"
                },
                {
                    "name": "DataDepthSampler",
                    "id": "voxels:depth"
                },
                {
                    "name": "ColorSampler",
                    "id": "light_colors",
                    "width": 1,
                    "height": 1,
                    "bilinear": false
                }
            ]
        },
        {
            "name": "floodfill",
            "intarget": "lightmap2",
            "outtarget": "lightmap1",
            "auxtargets": [
                {
                    "name": "DataSampler",
                    "id": "voxels"
                },
                {
                    "name": "DataDepthSampler",
                    "id": "voxels:depth"
                },
                {
                    "name": "ColorSampler",
                    "id": "light_colors",
                    "width": 1,
                    "height": 1,
                    "bilinear": false
                }
            ]
        },
        {
            "name": "floodfill",
            "intarget": "lightmap1",
            "outtarget": "lightmap2",
            "auxtargets": [
                {
                    "name": "DataSampler",
                    "id": "voxels"
                },
                {
                    "name": "DataDepthSampler",
                    "id": "voxels:depth"
                },
                {
                    "name": "ColorSampler",
                    "id": "light_colors",
                    "width": 1,
                    "height": 1,
                    "bilinear": false
                }
            ]
        },
        {
            "name": "floodfill",
            "intarget": "lightmap2",
            "outtarget": "lightmap1",
            "auxtargets": [
                {
                    "name": "DataSampler",
                    "id": "voxels"
                },
                {
                    "name": "DataDepthSampler",
                    "id": "voxels:depth"
                },
                {
                    "name": "ColorSampler",
                    "id": "light_colors",
                    "width": 1,
                    "height": 1,
                    "bilinear": false
                }
            ]
        },
        {
            "name": "floodfill",
            "intarget": "lightmap1",
            "outtarget": "lightmap2",
            "auxtargets": [
                {
                    "name": "DataSampler",
                    "id": "voxels"
                },
                {
                    "name": "DataDepthSampler",
                    "id": "voxels:depth"
                },
                {
                    "name": "ColorSampler",
                    "id": "light_colors",
                    "width": 1,
                    "height": 1,
                    "bilinear": false
                }
            ]
        },
        {
            "name": "floodfill",
            "intarget": "lightmap2",
            "outtarget": "lightmap1",
            "auxtargets": [
                {
                    "name": "DataSampler",
                    "id": "voxels"
                },
                {
                    "name": "DataDepthSampler",
                    "id": "voxels:depth"
                },
                {
                    "name": "ColorSampler",
                    "id": "light_colors",
                    "width": 1,
                    "height": 1,
                    "bilinear": false
                }
            ]
        },
        {
            "name": "floodfill",
            "intarget": "lightmap1",
            "outtarget": "lightmap2",
            "auxtargets": [
                {
                    "name": "DataSampler",
                    "id": "voxels"
                },
                {
                    "name": "DataDepthSampler",
                    "id": "voxels:depth"
                },
                {
                    "name": "ColorSampler",
                    "id": "light_colors",
                    "width": 1,
                    "height": 1,
                    "bilinear": false
                }
            ]
        },
        {
            "name": "floodfill",
            "intarget": "lightmap2",
            "outtarget": "lightmap1",
            "auxtargets": [
                {
                    "name": "DataSampler",
                    "id": "voxels"
                },
                {
                    "name": "DataDepthSampler",
                    "id": "voxels:depth"
                },
                {
                    "name": "ColorSampler",
                    "id": "light_colors",
                    "width": 1,
                    "height": 1,
                    "bilinear": false
                }
            ]
        },
        {
            "name": "de_checkerboard",
            "intarget": "minecraft:main",
            "outtarget": "solid",
            "auxtargets": [
                {
                    "name": "DiffuseDepthSampler",
                    "id": "minecraft:main:depth"
                }
            ]
        },
        {
            "name": "shadows",
            "intarget": "solid",
            "outtarget": "solid_shadows",
            "auxtargets": [
                {
                    "name": "DiffuseDepthSampler",
                    "id": "solid:depth"
                },
                {
                    "name": "DataSampler",
                    "id": "minecraft:main"
                },
                {
                    "name": "DataDepthSampler",
                    "id": "minecraft:main:depth"
                },
                {
                    "name": "LightmapSampler",
                    "id": "lightmap1"
                }
            ]
        },
        {
            "name": "de_checkerboard",
            "intarget": "translucent",
            "outtarget": "translucent_decheckered",
            "auxtargets": [
                {
                    "name": "DiffuseDepthSampler",
                    "id": "translucent:depth"
                }
            ]
        },
        {
            "name": "de_checkerboard",
            "intarget": "particles",
            "outtarget": "particles_decheckered",
            "auxtargets": [
                {
                    "name": "DiffuseDepthSampler",
                    "id": "particles:depth"
                }
            ]
        },
        {
            "name": "de_checkerboard",
            "intarget": "itemEntity",
            "outtarget": "itemEntity_decheckered",
            "auxtargets": [
                {
                    "name": "DiffuseDepthSampler",
                    "id": "itemEntity:depth"
                }
            ]
        },
        {
            "name": "transparency",
            "intarget": "solid_shadows",
            "outtarget": "final",
            "auxtargets": [
                {
                    "name": "DiffuseDepthSampler",
                    "id": "solid:depth"
                },
                {
                    "name": "TranslucentSampler",
                    "id": "translucent_decheckered"
                },
                {
                    "name": "TranslucentDepthSampler",
                    "id": "translucent_decheckered:depth"
                },
                {
                    "name": "ItemEntitySampler",
                    "id": "itemEntity_decheckered"
                },
                {
                    "name": "ItemEntityDepthSampler",
                    "id": "itemEntity_decheckered:depth"
                },
                {
                    "name": "ParticlesSampler",
                    "id": "particles_decheckered"
                },
                {
                    "name": "ParticlesDepthSampler",
                    "id": "particles_decheckered:depth"
                },
                {
                    "name": "CloudsSampler",
                    "id": "clouds"
                },
                {
                    "name": "CloudsDepthSampler",
                    "id": "clouds:depth"
                },
                {
                    "name": "WeatherSampler",
                    "id": "weather"
                },
                {
                    "name": "WeatherDepthSampler",
                    "id": "weather:depth"
                }
            ]
        },
        {
            "name": "fog",
            "intarget": "final",
            "outtarget": "final_foggy",
            "auxtargets": [
                {
                    "name": "DiffuseDepthSampler",
                    "id": "final:depth"
                },
                {
                    "name": "DataSampler",
                    "id": "minecraft:main"
                }
            ]
        },
        {
            "name": "blit",
            "intarget": "final_foggy",
            "outtarget": "minecraft:main"
        }
    ]
}
