{
	"textures": {
		"marker": "minecraft:block/marker"
	},
    "elements": [
        {   "from": [ 0, 0, 0 ],
            "to": [ 16, 16, 16 ],
            "faces": {
                "down":  { "uv": [16, 0, 0, 16], "texture": "#down", "cullface": "down" },
                "up":    { "uv": [16, 0, 0, 16], "texture": "#up", "cullface": "up" },
                "north": { "uv": [16, 0, 0, 16], "texture": "#north", "cullface": "north" },
                "south": { "uv": [16, 0, 0, 16], "texture": "#south", "cullface": "south" },
                "west":  { "uv": [16, 0, 0, 16], "texture": "#west", "cullface": "west" },
                "east":  { "uv": [16, 0, 0, 16], "texture": "#east", "cullface": "east" }
            }
        },
		{
			"from": [ 1, 1, 1 ],
			"to": [ 15, 15, 15 ],
			"faces": {
				"up":    { "texture": "#marker" },
                "down":  { "texture": "#marker" }
			}
		}
    ]
}
