{
    "parent": "block/block",
    "elements": [
        {   "from": [ 0, 0, 0 ],
            "to": [ 16, 16, 16 ],
            "faces": {
                "down":  { "texture": "#down", "cullface": "down" },
                "up":    { "texture": "#up", "rotation": 180, "cullface": "up" },
                "north": { "texture": "#north", "cullface": "north" },
                "south": { "texture": "#south", "cullface": "south" },
                "west":  { "texture": "#west", "cullface": "west" },
                "east":  { "texture": "#east", "cullface": "east" }
            }
        },
		{
			"from": [ 1, 1, 1 ],
			"to": [ 15, 15, 15 ],
			"faces": {
				"north":    { "texture": "#marker" },
                "south":  { "texture": "#marker" }
			}
		}
    ],
    "textures": {
        "particle": "#side",
        "down": "#end",
        "up": "#end",
        "north": "#side",
        "east": "#side",
        "south": "#side",
        "west": "#side",
        "marker": "minecraft:block/marker"
    }
}
