{
    "textures": {
        "particle": "#fire",
        "marker": "minecraft:block/marker_fire"
    },
    "ambientocclusion": false,
    "elements": [
        {   "from": [ 0, 0, 0.01 ],
            "to": [ 16, 22.4, 0.01 ],
            "shade": false,
            "faces": {
                "south": { "uv": [ 0, 0, 16, 16 ], "texture": "#fire" },
                "north": { "uv": [ 0, 0, 16, 16 ], "texture": "#fire" }
            }
        },
		{
			"from": [ 1, 1, 1 ],
			"to": [ 15, 15, 15 ],
			"faces": {
				"up":    { "texture": "#marker" },
                "down":  { "texture": "#marker" }
			}
		}
    ]
}
